event_id,event_type,event_data,event_status,created_by,creation_date,last_updated_by,last_update_date,last_update_version
11fdf6cc-4a49-4f7b-a62b-ca9b94f83232,p_1_type_1,001,1,test,2020-08-25T00:00:01Z,test,2020-08-25T00:00:00Z,1
18db1f29-3689-4ec5-8e1b-70fa7de85d22,p_1_type_1,002,1,test,2020-08-25T00:00:02Z,test,2020-08-25T00:00:00Z,1
25f049ce-5fad-4e2d-87a9-2f4038907f2b,p_1_type_1,003,1,test,2020-08-25T00:00:03Z,test,2020-08-25T00:00:00Z,1
29d02e53-7798-408f-9e96-b51a43b5e74d,p_1_type_1,004,0,test,2020-08-25T00:00:04Z,test,2020-08-25T00:00:00Z,0
2dc47f92-fb24-41ea-8616-a130bfebffc1,p_1_type_1,005,1,test,2020-08-25T00:00:05Z,test,2020-08-25T00:00:00Z,1
3896e93e-a18c-4fbf-b48c-37022f9467cc,p_1_type_1,006,1,test,2020-08-25T00:00:06Z,test,2020-08-25T00:00:00Z,1
46415f4a-1863-429b-b7d3-778b4e28f092,p_1_type_1,007,1,test,2020-08-25T00:00:07Z,test,2020-08-25T00:00:00Z,1
4e00f995-a0d0-483d-b27b-64a2e3979a72,p_1_type_1,008,1,test,2020-08-25T00:00:00Z,test,2020-08-25T00:00:00Z,1
522ce030-4de3-456f-8ee5-d348d3394c0d,p_1_type_1,009,1,test,2020-08-25T00:00:01Z,test,2020-08-25T00:00:00Z,1
8895e8d2-87c2-4d98-812c-9499efdaf010,p_1_type_1,010,1,test,2020-08-25T00:00:02Z,test,2020-08-25T00:00:00Z,1
8f67de01-e90d-4691-b2ea-9637bbc40aa4,p_1_type_1,joy,1,test,2020-08-25T00:00:03Z,test,2020-08-25T00:00:00Z,1
99af9f36-b84c-43fe-9253-8402db15901d,p_1_type_1,joy,1,test,2020-08-25T00:00:04Z,test,2020-08-25T00:00:00Z,1
9d6a35fe-64e3-457b-8560-fc5aea74f3d8,p_1_type_1,joy,0,test,2020-08-25T00:00:05Z,test,2020-08-25T00:00:00Z,0
a6f85331-efb1-4797-bd7e-e69843c84a6b,p_1_type_1,joy,1,test,2020-08-25T00:00:06Z,test,2020-08-25T00:00:00Z,1
a6fc7969-3b3c-4bd8-aeec-378623ccca5c,p_1_type_1,joy,1,test,2020-08-25T00:00:07Z,test,2020-08-25T00:00:00Z,1
c1b4fad4-4d76-439d-ab7d-c14f6ffe4c4e,p_1_type_1,joy,1,test,2020-08-25T00:00:08Z,test,2020-08-25T00:00:00Z,1
c539686a-e70f-4144-8668-000956988ed3,p_1_type_1,joy,1,test,2020-08-25T00:00:09Z,test,2020-08-25T00:00:00Z,1
cd1c0976-0624-446e-8be1-7d7b2153bb2a,p_1_type_1,joy,0,test,2020-08-25T00:00:10Z,test,2020-08-25T00:00:00Z,0
d2c6b8e2-d498-46ca-bdb7-94e49090378d,p_1_type_1,joy,1,test,2020-08-25T00:00:11Z,test,2020-08-25T00:00:00Z,1
d3a07156-c949-4586-be02-9e444307b40b,p_1_type_1,joy,1,test,2020-08-25T00:00:12Z,test,2020-08-25T00:00:00Z,1
d3ad70e9-3d22-4233-a76b-04b113498a6b,p_1_type_1,joy,0,test,2020-08-25T00:00:13Z,test,2020-08-25T00:00:00Z,0
de3ea289-c0f3-4306-b093-8e4ed715a27b,p_1_type_1,joy,1,test,2020-08-25T00:00:14Z,test,2020-08-25T00:00:00Z,1
e0586564-919c-41f7-ae31-05288d68db4f,p_1_type_1,joy,1,test,2020-08-25T00:00:15Z,test,2020-08-25T00:00:00Z,1
ec31065e-8aa7-446e-b00e-620dc4d73e17,p_1_type_1,joy,1,test,2020-08-25T00:00:16Z,test,2020-08-25T00:00:00Z,1
ff5c4f57-ebfe-45f3-a62b-67bbd00cdf9e,p_1_type_1,joy,1,test,2020-08-25T00:00:17Z,test,2020-08-25T00:00:00Z,1
